[{"nome":"bulbasaur","tipo":["grass","poison"],"status":45,"numero_dex":153,"altura":7,"peso":69,"moves":["razor-wind","swords-dance","cut","bind"]},{"nome":"ivysaur","tipo":["grass","poison"],"status":60,"numero_dex":9,"altura":10,"peso":130,"moves":["swords-dance","cut","bind","vine-whip"]},{"nome":"venusaur","tipo":["grass","poison"],"status":80,"numero_dex":154,"altura":20,"peso":1000,"moves":["swords-dance","cut","bind","vine-whip"]},{"nome":"charmander","tipo":["fire"],"status":39,"numero_dex":176,"altura":6,"peso":85,"moves":["mega-punch","fire-punch","thunder-punch","scratch"]},{"nome":"charmeleon","tipo":["fire"],"status":58,"numero_dex":178,"altura":11,"peso":190,"moves":["mega-punch","fire-punch","thunder-punch","scratch"]},{"nome":"charizard","tipo":["fire","flying"],"status":78,"numero_dex":180,"altura":17,"peso":905,"moves":["mega-punch","fire-punch","thunder-punch","scratch"]},{"nome":"squirtle","tipo":["water"],"status":44,"numero_dex":177,"altura":5,"peso":90,"moves":["mega-punch","ice-punch","mega-kick","headbutt"]},{"nome":"wartortle","tipo":["water"],"status":59,"numero_dex":179,"altura":10,"peso":225,"moves":["mega-punch","ice-punch","mega-kick","headbutt"]},{"nome":"blastoise","tipo":["water"],"status":79,"numero_dex":28,"altura":16,"peso":855,"moves":["mega-punch","ice-punch","mega-kick","headbutt"]},{"nome":"caterpie","tipo":["bug"],"status":45,"numero_dex":123,"altura":3,"peso":29,"moves":["tackle","string-shot","snore","bug-bite"]}]