[
    {
        "nome": "bulbasaur",
        "tipo": [
            "grass",
            "poison"
        ],
        "status": [
            "hp",
            "attack",
            "defense",
            "special-attack",
            "special-defense",
            "speed"
        ],
        "numero_dex": 1,
        "altura": 7,
        "peso": 69,
        "moves": [
            "razor-wind",
            "swords-dance",
            "cut",
            "bind"
        ]
    },
    {
        "nome": "ivysaur",
        "tipo": [
            "grass",
            "poison"
        ],
        "status": [
            "hp",
            "attack",
            "defense",
            "special-attack",
            "special-defense",
            "speed"
        ],
        "numero_dex": 2,
        "altura": 10,
        "peso": 130,
        "moves": [
            "swords-dance",
            "cut",
            "bind",
            "vine-whip"
        ]
    },
    {
        "nome": "venusaur",
        "tipo": [
            "grass",
            "poison"
        ],
        "status": [
            "hp",
            "attack",
            "defense",
            "special-attack",
            "special-defense",
            "speed"
        ],
        "numero_dex": 3,
        "altura": 20,
        "peso": 1000,
        "moves": [
            "swords-dance",
            "cut",
            "bind",
            "vine-whip"
        ]
    },
    {
        "nome": "charmander",
        "tipo": [
            "fire"
        ],
        "status": [
            "hp",
            "attack",
            "defense",
            "special-attack",
            "special-defense",
            "speed"
        ],
        "numero_dex": 4,
        "altura": 6,
        "peso": 85,
        "moves": [
            "mega-punch",
            "fire-punch",
            "thunder-punch",
            "scratch"
        ]
    },
    {
        "nome": "charmeleon",
        "tipo": [
            "fire"
        ],
        "status": [
            "hp",
            "attack",
            "defense",
            "special-attack",
            "special-defense",
            "speed"
        ],
        "numero_dex": 5,
        "altura": 11,
        "peso": 190,
        "moves": [
            "mega-punch",
            "fire-punch",
            "thunder-punch",
            "scratch"
        ]
    },
    {
        "nome": "charizard",
        "tipo": [
            "fire",
            "flying"
        ],
        "status": [
            "hp",
            "attack",
            "defense",
            "special-attack",
            "special-defense",
            "speed"
        ],
        "numero_dex": 6,
        "altura": 17,
        "peso": 905,
        "moves": [
            "mega-punch",
            "fire-punch",
            "thunder-punch",
            "scratch"
        ]
    },
    {
        "nome": "squirtle",
        "tipo": [
            "water"
        ],
        "status": [
            "hp",
            "attack",
            "defense",
            "special-attack",
            "special-defense",
            "speed"
        ],
        "numero_dex": 7,
        "altura": 5,
        "peso": 90,
        "moves": [
            "mega-punch",
            "ice-punch",
            "mega-kick",
            "headbutt"
        ]
    },
    {
        "nome": "wartortle",
        "tipo": [
            "water"
        ],
        "status": [
            "hp",
            "attack",
            "defense",
            "special-attack",
            "special-defense",
            "speed"
        ],
        "numero_dex": 8,
        "altura": 10,
        "peso": 225,
        "moves": [
            "mega-punch",
            "ice-punch",
            "mega-kick",
            "headbutt"
        ]
    },
    {
        "nome": "blastoise",
        "tipo": [
            "water"
        ],
        "status": [
            "hp",
            "attack",
            "defense",
            "special-attack",
            "special-defense",
            "speed"
        ],
        "numero_dex": 9,
        "altura": 16,
        "peso": 855,
        "moves": [
            "mega-punch",
            "ice-punch",
            "mega-kick",
            "headbutt"
        ]
    },
    {
        "nome": "caterpie",
        "tipo": [
            "bug"
        ],
        "status": [
            "hp",
            "attack",
            "defense",
            "special-attack",
            "special-defense",
            "speed"
        ],
        "numero_dex": 10,
        "altura": 3,
        "peso": 29,
        "moves": [
            "tackle",
            "string-shot",
            "snore",
            "bug-bite"
        ]
    },
    {
        "nome": "metapod",
        "tipo": [
            "bug"
        ],
        "status": [
            "hp",
            "attack",
            "defense",
            "special-attack",
            "special-defense",
            "speed"
        ],
        "numero_dex": 11,
        "altura": 7,
        "peso": 99,
        "moves": [
            "string-shot",
            "harden",
            "iron-defense",
            "bug-bite"
        ]
    },
    {
        "nome": "butterfree",
        "tipo": [
            "bug",
            "flying"
        ],
        "status": [
            "hp",
            "attack",
            "defense",
            "special-attack",
            "special-defense",
            "speed"
        ],
        "numero_dex": 12,
        "altura": 11,
        "peso": 320,
        "moves": [
            "razor-wind",
            "gust",
            "whirlwind",
            "headbutt"
        ]
    },
    {
        "nome": "weedle",
        "tipo": [
            "bug",
            "poison"
        ],
        "status": [
            "hp",
            "attack",
            "defense",
            "special-attack",
            "special-defense",
            "speed"
        ],
        "numero_dex": 13,
        "altura": 3,
        "peso": 32,
        "moves": [
            "poison-sting",
            "string-shot",
            "bug-bite",
            "electroweb"
        ]
    },
    {
        "nome": "kakuna",
        "tipo": [
            "bug",
            "poison"
        ],
        "status": [
            "hp",
            "attack",
            "defense",
            "special-attack",
            "special-defense",
            "speed"
        ],
        "numero_dex": 14,
        "altura": 6,
        "peso": 100,
        "moves": [
            "string-shot",
            "harden",
            "iron-defense",
            "bug-bite"
        ]
    },
    {
        "nome": "beedrill",
        "tipo": [
            "bug",
            "poison"
        ],
        "status": [
            "hp",
            "attack",
            "defense",
            "special-attack",
            "special-defense",
            "speed"
        ],
        "numero_dex": 15,
        "altura": 10,
        "peso": 295,
        "moves": [
            "swords-dance",
            "cut",
            "headbutt",
            "fury-attack"
        ]
    },
    {
        "nome": "pidgey",
        "tipo": [
            "normal",
            "flying"
        ],
        "status": [
            "hp",
            "attack",
            "defense",
            "special-attack",
            "special-defense",
            "speed"
        ],
        "numero_dex": 16,
        "altura": 3,
        "peso": 18,
        "moves": [
            "razor-wind",
            "gust",
            "wing-attack",
            "whirlwind"
        ]
    },
    {
        "nome": "pidgeotto",
        "tipo": [
            "normal",
            "flying"
        ],
        "status": [
            "hp",
            "attack",
            "defense",
            "special-attack",
            "special-defense",
            "speed"
        ],
        "numero_dex": 17,
        "altura": 11,
        "peso": 300,
        "moves": [
            "razor-wind",
            "gust",
            "wing-attack",
            "whirlwind"
        ]
    },
    {
        "nome": "pidgeot",
        "tipo": [
            "normal",
            "flying"
        ],
        "status": [
            "hp",
            "attack",
            "defense",
            "special-attack",
            "special-defense",
            "speed"
        ],
        "numero_dex": 18,
        "altura": 15,
        "peso": 395,
        "moves": [
            "razor-wind",
            "gust",
            "wing-attack",
            "whirlwind"
        ]
    },
    {
        "nome": "rattata",
        "tipo": [
            "normal"
        ],
        "status": [
            "hp",
            "attack",
            "defense",
            "special-attack",
            "special-defense",
            "speed"
        ],
        "numero_dex": 19,
        "altura": 3,
        "peso": 35,
        "moves": [
            "cut",
            "headbutt",
            "tackle",
            "body-slam"
        ]
    },
    {
        "nome": "raticate",
        "tipo": [
            "normal"
        ],
        "status": [
            "hp",
            "attack",
            "defense",
            "special-attack",
            "special-defense",
            "speed"
        ],
        "numero_dex": 20,
        "altura": 7,
        "peso": 185,
        "moves": [
            "swords-dance",
            "cut",
            "headbutt",
            "tackle"
        ]
    },
    {
        "nome": "spearow",
        "tipo": [
            "normal",
            "flying"
        ],
        "status": [
            "hp",
            "attack",
            "defense",
            "special-attack",
            "special-defense",
            "speed"
        ],
        "numero_dex": 21,
        "altura": 3,
        "peso": 20,
        "moves": [
            "razor-wind",
            "whirlwind",
            "fly",
            "headbutt"
        ]
    },
    {
        "nome": "fearow",
        "tipo": [
            "normal",
            "flying"
        ],
        "status": [
            "hp",
            "attack",
            "defense",
            "special-attack",
            "special-defense",
            "speed"
        ],
        "numero_dex": 22,
        "altura": 12,
        "peso": 380,
        "moves": [
            "razor-wind",
            "whirlwind",
            "fly",
            "headbutt"
        ]
    },
    {
        "nome": "ekans",
        "tipo": [
            "poison"
        ],
        "status": [
            "hp",
            "attack",
            "defense",
            "special-attack",
            "special-defense",
            "speed"
        ],
        "numero_dex": 23,
        "altura": 20,
        "peso": 69,
        "moves": [
            "bind",
            "slam",
            "headbutt",
            "body-slam"
        ]
    },
    {
        "nome": "arbok",
        "tipo": [
            "poison"
        ],
        "status": [
            "hp",
            "attack",
            "defense",
            "special-attack",
            "special-defense",
            "speed"
        ],
        "numero_dex": 24,
        "altura": 35,
        "peso": 650,
        "moves": [
            "bind",
            "slam",
            "headbutt",
            "body-slam"
        ]
    },
    {
        "nome": "pikachu",
        "tipo": [
            "electric"
        ],
        "status": [
            "hp",
            "attack",
            "defense",
            "special-attack",
            "special-defense",
            "speed"
        ],
        "numero_dex": 25,
        "altura": 4,
        "peso": 60,
        "moves": [
            "mega-punch",
            "pay-day",
            "thunder-punch",
            "slam"
        ]
    },
    {
        "nome": "raichu",
        "tipo": [
            "electric"
        ],
        "status": [
            "hp",
            "attack",
            "defense",
            "special-attack",
            "special-defense",
            "speed"
        ],
        "numero_dex": 26,
        "altura": 8,
        "peso": 300,
        "moves": [
            "mega-punch",
            "pay-day",
            "thunder-punch",
            "slam"
        ]
    },
    {
        "nome": "sandshrew",
        "tipo": [
            "ground"
        ],
        "status": [
            "hp",
            "attack",
            "defense",
            "special-attack",
            "special-defense",
            "speed"
        ],
        "numero_dex": 27,
        "altura": 6,
        "peso": 120,
        "moves": [
            "scratch",
            "swords-dance",
            "cut",
            "sand-attack"
        ]
    },
    {
        "nome": "sandslash",
        "tipo": [
            "ground"
        ],
        "status": [
            "hp",
            "attack",
            "defense",
            "special-attack",
            "special-defense",
            "speed"
        ],
        "numero_dex": 28,
        "altura": 10,
        "peso": 295,
        "moves": [
            "scratch",
            "swords-dance",
            "cut",
            "sand-attack"
        ]
    },
    {
        "nome": "nidoran-f",
        "tipo": [
            "poison"
        ],
        "status": [
            "hp",
            "attack",
            "defense",
            "special-attack",
            "special-defense",
            "speed"
        ],
        "numero_dex": 29,
        "altura": 4,
        "peso": 70,
        "moves": [
            "scratch",
            "cut",
            "double-kick",
            "headbutt"
        ]
    },
    {
        "nome": "nidorina",
        "tipo": [
            "poison"
        ],
        "status": [
            "hp",
            "attack",
            "defense",
            "special-attack",
            "special-defense",
            "speed"
        ],
        "numero_dex": 30,
        "altura": 8,
        "peso": 200,
        "moves": [
            "scratch",
            "cut",
            "double-kick",
            "headbutt"
        ]
    },
    {
        "nome": "nidoqueen",
        "tipo": [
            "poison",
            "ground"
        ],
        "status": [
            "hp",
            "attack",
            "defense",
            "special-attack",
            "special-defense",
            "speed"
        ],
        "numero_dex": 31,
        "altura": 13,
        "peso": 600,
        "moves": [
            "mega-punch",
            "pay-day",
            "fire-punch",
            "ice-punch"
        ]
    },
    {
        "nome": "nidoran-m",
        "tipo": [
            "poison"
        ],
        "status": [
            "hp",
            "attack",
            "defense",
            "special-attack",
            "special-defense",
            "speed"
        ],
        "numero_dex": 32,
        "altura": 5,
        "peso": 90,
        "moves": [
            "cut",
            "double-kick",
            "headbutt",
            "horn-attack"
        ]
    },
    {
        "nome": "nidorino",
        "tipo": [
            "poison"
        ],
        "status": [
            "hp",
            "attack",
            "defense",
            "special-attack",
            "special-defense",
            "speed"
        ],
        "numero_dex": 33,
        "altura": 9,
        "peso": 195,
        "moves": [
            "cut",
            "double-kick",
            "headbutt",
            "horn-attack"
        ]
    },
    {
        "nome": "nidoking",
        "tipo": [
            "poison",
            "ground"
        ],
        "status": [
            "hp",
            "attack",
            "defense",
            "special-attack",
            "special-defense",
            "speed"
        ],
        "numero_dex": 34,
        "altura": 14,
        "peso": 620,
        "moves": [
            "mega-punch",
            "pay-day",
            "fire-punch",
            "ice-punch"
        ]
    },
    {
        "nome": "clefairy",
        "tipo": [
            "fairy"
        ],
        "status": [
            "hp",
            "attack",
            "defense",
            "special-attack",
            "special-defense",
            "speed"
        ],
        "numero_dex": 35,
        "altura": 6,
        "peso": 75,
        "moves": [
            "pound",
            "double-slap",
            "mega-punch",
            "fire-punch"
        ]
    },
    {
        "nome": "clefable",
        "tipo": [
            "fairy"
        ],
        "status": [
            "hp",
            "attack",
            "defense",
            "special-attack",
            "special-defense",
            "speed"
        ],
        "numero_dex": 36,
        "altura": 13,
        "peso": 400,
        "moves": [
            "pound",
            "double-slap",
            "mega-punch",
            "fire-punch"
        ]
    },
    {
        "nome": "vulpix",
        "tipo": [
            "fire"
        ],
        "status": [
            "hp",
            "attack",
            "defense",
            "special-attack",
            "special-defense",
            "speed"
        ],
        "numero_dex": 37,
        "altura": 6,
        "peso": 99,
        "moves": [
            "headbutt",
            "tackle",
            "body-slam",
            "take-down"
        ]
    },
    {
        "nome": "ninetales",
        "tipo": [
            "fire"
        ],
        "status": [
            "hp",
            "attack",
            "defense",
            "special-attack",
            "special-defense",
            "speed"
        ],
        "numero_dex": 38,
        "altura": 11,
        "peso": 199,
        "moves": [
            "headbutt",
            "tackle",
            "body-slam",
            "take-down"
        ]
    },
    {
        "nome": "jigglypuff",
        "tipo": [
            "normal",
            "fairy"
        ],
        "status": [
            "hp",
            "attack",
            "defense",
            "special-attack",
            "special-defense",
            "speed"
        ],
        "numero_dex": 39,
        "altura": 5,
        "peso": 55,
        "moves": [
            "pound",
            "double-slap",
            "mega-punch",
            "fire-punch"
        ]
    },
    {
        "nome": "wigglytuff",
        "tipo": [
            "normal",
            "fairy"
        ],
        "status": [
            "hp",
            "attack",
            "defense",
            "special-attack",
            "special-defense",
            "speed"
        ],
        "numero_dex": 40,
        "altura": 10,
        "peso": 120,
        "moves": [
            "pound",
            "double-slap",
            "mega-punch",
            "fire-punch"
        ]
    },
    {
        "nome": "zubat",
        "tipo": [
            "poison",
            "flying"
        ],
        "status": [
            "hp",
            "attack",
            "defense",
            "special-attack",
            "special-defense",
            "speed"
        ],
        "numero_dex": 41,
        "altura": 8,
        "peso": 75,
        "moves": [
            "razor-wind",
            "gust",
            "wing-attack",
            "whirlwind"
        ]
    },
    {
        "nome": "golbat",
        "tipo": [
            "poison",
            "flying"
        ],
        "status": [
            "hp",
            "attack",
            "defense",
            "special-attack",
            "special-defense",
            "speed"
        ],
        "numero_dex": 42,
        "altura": 16,
        "peso": 550,
        "moves": [
            "razor-wind",
            "wing-attack",
            "whirlwind",
            "fly"
        ]
    },
    {
        "nome": "oddish",
        "tipo": [
            "grass",
            "poison"
        ],
        "status": [
            "hp",
            "attack",
            "defense",
            "special-attack",
            "special-defense",
            "speed"
        ],
        "numero_dex": 43,
        "altura": 5,
        "peso": 54,
        "moves": [
            "swords-dance",
            "cut",
            "headbutt",
            "take-down"
        ]
    },
    {
        "nome": "gloom",
        "tipo": [
            "grass",
            "poison"
        ],
        "status": [
            "hp",
            "attack",
            "defense",
            "special-attack",
            "special-defense",
            "speed"
        ],
        "numero_dex": 44,
        "altura": 8,
        "peso": 86,
        "moves": [
            "swords-dance",
            "cut",
            "headbutt",
            "take-down"
        ]
    },
    {
        "nome": "vileplume",
        "tipo": [
            "grass",
            "poison"
        ],
        "status": [
            "hp",
            "attack",
            "defense",
            "special-attack",
            "special-defense",
            "speed"
        ],
        "numero_dex": 45,
        "altura": 12,
        "peso": 186,
        "moves": [
            "swords-dance",
            "cut",
            "headbutt",
            "body-slam"
        ]
    },
    {
        "nome": "paras",
        "tipo": [
            "bug",
            "grass"
        ],
        "status": [
            "hp",
            "attack",
            "defense",
            "special-attack",
            "special-defense",
            "speed"
        ],
        "numero_dex": 46,
        "altura": 3,
        "peso": 54,
        "moves": [
            "scratch",
            "swords-dance",
            "cut",
            "headbutt"
        ]
    },
    {
        "nome": "parasect",
        "tipo": [
            "bug",
            "grass"
        ],
        "status": [
            "hp",
            "attack",
            "defense",
            "special-attack",
            "special-defense",
            "speed"
        ],
        "numero_dex": 47,
        "altura": 10,
        "peso": 295,
        "moves": [
            "scratch",
            "swords-dance",
            "cut",
            "headbutt"
        ]
    },
    {
        "nome": "venonat",
        "tipo": [
            "bug",
            "poison"
        ],
        "status": [
            "hp",
            "attack",
            "defense",
            "special-attack",
            "special-defense",
            "speed"
        ],
        "numero_dex": 48,
        "altura": 10,
        "peso": 300,
        "moves": [
            "headbutt",
            "tackle",
            "take-down",
            "double-edge"
        ]
    },
    {
        "nome": "venomoth",
        "tipo": [
            "bug",
            "poison"
        ],
        "status": [
            "hp",
            "attack",
            "defense",
            "special-attack",
            "special-defense",
            "speed"
        ],
        "numero_dex": 49,
        "altura": 15,
        "peso": 125,
        "moves": [
            "razor-wind",
            "gust",
            "whirlwind",
            "headbutt"
        ]
    },
    {
        "nome": "diglett",
        "tipo": [
            "ground"
        ],
        "status": [
            "hp",
            "attack",
            "defense",
            "special-attack",
            "special-defense",
            "speed"
        ],
        "numero_dex": 50,
        "altura": 2,
        "peso": 8,
        "moves": [
            "scratch",
            "swords-dance",
            "cut",
            "sand-attack"
        ]
    },
    {
        "nome": "dugtrio",
        "tipo": [
            "ground"
        ],
        "status": [
            "hp",
            "attack",
            "defense",
            "special-attack",
            "special-defense",
            "speed"
        ],
        "numero_dex": 51,
        "altura": 7,
        "peso": 333,
        "moves": [
            "scratch",
            "swords-dance",
            "cut",
            "sand-attack"
        ]
    },
    {
        "nome": "meowth",
        "tipo": [
            "normal"
        ],
        "status": [
            "hp",
            "attack",
            "defense",
            "special-attack",
            "special-defense",
            "speed"
        ],
        "numero_dex": 52,
        "altura": 4,
        "peso": 42,
        "moves": [
            "pay-day",
            "scratch",
            "cut",
            "headbutt"
        ]
    },
    {
        "nome": "persian",
        "tipo": [
            "normal"
        ],
        "status": [
            "hp",
            "attack",
            "defense",
            "special-attack",
            "special-defense",
            "speed"
        ],
        "numero_dex": 53,
        "altura": 10,
        "peso": 320,
        "moves": [
            "pay-day",
            "scratch",
            "cut",
            "headbutt"
        ]
    },
    {
        "nome": "psyduck",
        "tipo": [
            "water"
        ],
        "status": [
            "hp",
            "attack",
            "defense",
            "special-attack",
            "special-defense",
            "speed"
        ],
        "numero_dex": 54,
        "altura": 8,
        "peso": 196,
        "moves": [
            "mega-punch",
            "pay-day",
            "ice-punch",
            "scratch"
        ]
    },
    {
        "nome": "golduck",
        "tipo": [
            "water"
        ],
        "status": [
            "hp",
            "attack",
            "defense",
            "special-attack",
            "special-defense",
            "speed"
        ],
        "numero_dex": 55,
        "altura": 17,
        "peso": 766,
        "moves": [
            "mega-punch",
            "pay-day",
            "ice-punch",
            "scratch"
        ]
    },
    {
        "nome": "mankey",
        "tipo": [
            "fighting"
        ],
        "status": [
            "hp",
            "attack",
            "defense",
            "special-attack",
            "special-defense",
            "speed"
        ],
        "numero_dex": 56,
        "altura": 5,
        "peso": 280,
        "moves": [
            "karate-chop",
            "mega-punch",
            "pay-day",
            "fire-punch"
        ]
    },
    {
        "nome": "primeape",
        "tipo": [
            "fighting"
        ],
        "status": [
            "hp",
            "attack",
            "defense",
            "special-attack",
            "special-defense",
            "speed"
        ],
        "numero_dex": 57,
        "altura": 10,
        "peso": 320,
        "moves": [
            "karate-chop",
            "mega-punch",
            "pay-day",
            "fire-punch"
        ]
    },
    {
        "nome": "growlithe",
        "tipo": [
            "fire"
        ],
        "status": [
            "hp",
            "attack",
            "defense",
            "special-attack",
            "special-defense",
            "speed"
        ],
        "numero_dex": 58,
        "altura": 7,
        "peso": 190,
        "moves": [
            "double-kick",
            "headbutt",
            "body-slam",
            "take-down"
        ]
    },
    {
        "nome": "arcanine",
        "tipo": [
            "fire"
        ],
        "status": [
            "hp",
            "attack",
            "defense",
            "special-attack",
            "special-defense",
            "speed"
        ],
        "numero_dex": 59,
        "altura": 19,
        "peso": 1550,
        "moves": [
            "headbutt",
            "body-slam",
            "take-down",
            "double-edge"
        ]
    },
    {
        "nome": "poliwag",
        "tipo": [
            "water"
        ],
        "status": [
            "hp",
            "attack",
            "defense",
            "special-attack",
            "special-defense",
            "speed"
        ],
        "numero_dex": 60,
        "altura": 6,
        "peso": 124,
        "moves": [
            "pound",
            "double-slap",
            "headbutt",
            "body-slam"
        ]
    },
    {
        "nome": "poliwhirl",
        "tipo": [
            "water"
        ],
        "status": [
            "hp",
            "attack",
            "defense",
            "special-attack",
            "special-defense",
            "speed"
        ],
        "numero_dex": 61,
        "altura": 10,
        "peso": 200,
        "moves": [
            "pound",
            "double-slap",
            "mega-punch",
            "ice-punch"
        ]
    },
    {
        "nome": "poliwrath",
        "tipo": [
            "water",
            "fighting"
        ],
        "status": [
            "hp",
            "attack",
            "defense",
            "special-attack",
            "special-defense",
            "speed"
        ],
        "numero_dex": 62,
        "altura": 13,
        "peso": 540,
        "moves": [
            "pound",
            "double-slap",
            "mega-punch",
            "ice-punch"
        ]
    },
    {
        "nome": "abra",
        "tipo": [
            "psychic"
        ],
        "status": [
            "hp",
            "attack",
            "defense",
            "special-attack",
            "special-defense",
            "speed"
        ],
        "numero_dex": 63,
        "altura": 9,
        "peso": 195,
        "moves": [
            "mega-punch",
            "fire-punch",
            "ice-punch",
            "thunder-punch"
        ]
    },
    {
        "nome": "kadabra",
        "tipo": [
            "psychic"
        ],
        "status": [
            "hp",
            "attack",
            "defense",
            "special-attack",
            "special-defense",
            "speed"
        ],
        "numero_dex": 64,
        "altura": 13,
        "peso": 565,
        "moves": [
            "mega-punch",
            "fire-punch",
            "ice-punch",
            "thunder-punch"
        ]
    },
    {
        "nome": "alakazam",
        "tipo": [
            "psychic"
        ],
        "status": [
            "hp",
            "attack",
            "defense",
            "special-attack",
            "special-defense",
            "speed"
        ],
        "numero_dex": 65,
        "altura": 15,
        "peso": 480,
        "moves": [
            "mega-punch",
            "fire-punch",
            "ice-punch",
            "thunder-punch"
        ]
    },
    {
        "nome": "machop",
        "tipo": [
            "fighting"
        ],
        "status": [
            "hp",
            "attack",
            "defense",
            "special-attack",
            "special-defense",
            "speed"
        ],
        "numero_dex": 66,
        "altura": 8,
        "peso": 195,
        "moves": [
            "karate-chop",
            "mega-punch",
            "fire-punch",
            "ice-punch"
        ]
    },
    {
        "nome": "machoke",
        "tipo": [
            "fighting"
        ],
        "status": [
            "hp",
            "attack",
            "defense",
            "special-attack",
            "special-defense",
            "speed"
        ],
        "numero_dex": 67,
        "altura": 15,
        "peso": 705,
        "moves": [
            "karate-chop",
            "mega-punch",
            "fire-punch",
            "ice-punch"
        ]
    },
    {
        "nome": "machamp",
        "tipo": [
            "fighting"
        ],
        "status": [
            "hp",
            "attack",
            "defense",
            "special-attack",
            "special-defense",
            "speed"
        ],
        "numero_dex": 68,
        "altura": 16,
        "peso": 1300,
        "moves": [
            "karate-chop",
            "mega-punch",
            "fire-punch",
            "ice-punch"
        ]
    },
    {
        "nome": "bellsprout",
        "tipo": [
            "grass",
            "poison"
        ],
        "status": [
            "hp",
            "attack",
            "defense",
            "special-attack",
            "special-defense",
            "speed"
        ],
        "numero_dex": 69,
        "altura": 7,
        "peso": 40,
        "moves": [
            "swords-dance",
            "cut",
            "bind",
            "slam"
        ]
    },
    {
        "nome": "weepinbell",
        "tipo": [
            "grass",
            "poison"
        ],
        "status": [
            "hp",
            "attack",
            "defense",
            "special-attack",
            "special-defense",
            "speed"
        ],
        "numero_dex": 70,
        "altura": 10,
        "peso": 64,
        "moves": [
            "swords-dance",
            "cut",
            "bind",
            "slam"
        ]
    },
    {
        "nome": "victreebel",
        "tipo": [
            "grass",
            "poison"
        ],
        "status": [
            "hp",
            "attack",
            "defense",
            "special-attack",
            "special-defense",
            "speed"
        ],
        "numero_dex": 71,
        "altura": 17,
        "peso": 155,
        "moves": [
            "swords-dance",
            "cut",
            "bind",
            "vine-whip"
        ]
    },
    {
        "nome": "tentacool",
        "tipo": [
            "water",
            "poison"
        ],
        "status": [
            "hp",
            "attack",
            "defense",
            "special-attack",
            "special-defense",
            "speed"
        ],
        "numero_dex": 72,
        "altura": 9,
        "peso": 455,
        "moves": [
            "swords-dance",
            "cut",
            "bind",
            "headbutt"
        ]
    },
    {
        "nome": "tentacruel",
        "tipo": [
            "water",
            "poison"
        ],
        "status": [
            "hp",
            "attack",
            "defense",
            "special-attack",
            "special-defense",
            "speed"
        ],
        "numero_dex": 73,
        "altura": 16,
        "peso": 550,
        "moves": [
            "swords-dance",
            "cut",
            "bind",
            "headbutt"
        ]
    },
    {
        "nome": "geodude",
        "tipo": [
            "rock",
            "ground"
        ],
        "status": [
            "hp",
            "attack",
            "defense",
            "special-attack",
            "special-defense",
            "speed"
        ],
        "numero_dex": 74,
        "altura": 4,
        "peso": 200,
        "moves": [
            "mega-punch",
            "fire-punch",
            "thunder-punch",
            "sand-attack"
        ]
    },
    {
        "nome": "graveler",
        "tipo": [
            "rock",
            "ground"
        ],
        "status": [
            "hp",
            "attack",
            "defense",
            "special-attack",
            "special-defense",
            "speed"
        ],
        "numero_dex": 75,
        "altura": 10,
        "peso": 1050,
        "moves": [
            "mega-punch",
            "fire-punch",
            "thunder-punch",
            "sand-attack"
        ]
    },
    {
        "nome": "golem",
        "tipo": [
            "rock",
            "ground"
        ],
        "status": [
            "hp",
            "attack",
            "defense",
            "special-attack",
            "special-defense",
            "speed"
        ],
        "numero_dex": 76,
        "altura": 14,
        "peso": 3000,
        "moves": [
            "mega-punch",
            "fire-punch",
            "thunder-punch",
            "mega-kick"
        ]
    },
    {
        "nome": "ponyta",
        "tipo": [
            "fire"
        ],
        "status": [
            "hp",
            "attack",
            "defense",
            "special-attack",
            "special-defense",
            "speed"
        ],
        "numero_dex": 77,
        "altura": 10,
        "peso": 300,
        "moves": [
            "stomp",
            "double-kick",
            "headbutt",
            "horn-drill"
        ]
    },
    {
        "nome": "rapidash",
        "tipo": [
            "fire"
        ],
        "status": [
            "hp",
            "attack",
            "defense",
            "special-attack",
            "special-defense",
            "speed"
        ],
        "numero_dex": 78,
        "altura": 17,
        "peso": 950,
        "moves": [
            "pay-day",
            "swords-dance",
            "stomp",
            "double-kick"
        ]
    },
    {
        "nome": "slowpoke",
        "tipo": [
            "water",
            "psychic"
        ],
        "status": [
            "hp",
            "attack",
            "defense",
            "special-attack",
            "special-defense",
            "speed"
        ],
        "numero_dex": 79,
        "altura": 12,
        "peso": 360,
        "moves": [
            "pay-day",
            "stomp",
            "headbutt",
            "tackle"
        ]
    },
    {
        "nome": "slowbro",
        "tipo": [
            "water",
            "psychic"
        ],
        "status": [
            "hp",
            "attack",
            "defense",
            "special-attack",
            "special-defense",
            "speed"
        ],
        "numero_dex": 80,
        "altura": 16,
        "peso": 785,
        "moves": [
            "mega-punch",
            "pay-day",
            "ice-punch",
            "stomp"
        ]
    },
    {
        "nome": "magnemite",
        "tipo": [
            "electric",
            "steel"
        ],
        "status": [
            "hp",
            "attack",
            "defense",
            "special-attack",
            "special-defense",
            "speed"
        ],
        "numero_dex": 81,
        "altura": 3,
        "peso": 60,
        "moves": [
            "headbutt",
            "tackle",
            "take-down",
            "double-edge"
        ]
    },
    {
        "nome": "magneton",
        "tipo": [
            "electric",
            "steel"
        ],
        "status": [
            "hp",
            "attack",
            "defense",
            "special-attack",
            "special-defense",
            "speed"
        ],
        "numero_dex": 82,
        "altura": 10,
        "peso": 600,
        "moves": [
            "headbutt",
            "tackle",
            "take-down",
            "double-edge"
        ]
    },
    {
        "nome": "farfetchd",
        "tipo": [
            "normal",
            "flying"
        ],
        "status": [
            "hp",
            "attack",
            "defense",
            "special-attack",
            "special-defense",
            "speed"
        ],
        "numero_dex": 83,
        "altura": 8,
        "peso": 150,
        "moves": [
            "razor-wind",
            "swords-dance",
            "cut",
            "gust"
        ]
    },
    {
        "nome": "doduo",
        "tipo": [
            "normal",
            "flying"
        ],
        "status": [
            "hp",
            "attack",
            "defense",
            "special-attack",
            "special-defense",
            "speed"
        ],
        "numero_dex": 84,
        "altura": 14,
        "peso": 392,
        "moves": [
            "swords-dance",
            "whirlwind",
            "fly",
            "jump-kick"
        ]
    },
    {
        "nome": "dodrio",
        "tipo": [
            "normal",
            "flying"
        ],
        "status": [
            "hp",
            "attack",
            "defense",
            "special-attack",
            "special-defense",
            "speed"
        ],
        "numero_dex": 85,
        "altura": 18,
        "peso": 852,
        "moves": [
            "swords-dance",
            "whirlwind",
            "fly",
            "jump-kick"
        ]
    },
    {
        "nome": "seel",
        "tipo": [
            "water"
        ],
        "status": [
            "hp",
            "attack",
            "defense",
            "special-attack",
            "special-defense",
            "speed"
        ],
        "numero_dex": 86,
        "altura": 11,
        "peso": 900,
        "moves": [
            "pay-day",
            "slam",
            "headbutt",
            "horn-drill"
        ]
    },
    {
        "nome": "dewgong",
        "tipo": [
            "water",
            "ice"
        ],
        "status": [
            "hp",
            "attack",
            "defense",
            "special-attack",
            "special-defense",
            "speed"
        ],
        "numero_dex": 87,
        "altura": 17,
        "peso": 1200,
        "moves": [
            "pay-day",
            "headbutt",
            "horn-drill",
            "body-slam"
        ]
    },
    {
        "nome": "grimer",
        "tipo": [
            "poison"
        ],
        "status": [
            "hp",
            "attack",
            "defense",
            "special-attack",
            "special-defense",
            "speed"
        ],
        "numero_dex": 88,
        "altura": 9,
        "peso": 300,
        "moves": [
            "pound",
            "fire-punch",
            "ice-punch",
            "thunder-punch"
        ]
    },
    {
        "nome": "muk",
        "tipo": [
            "poison"
        ],
        "status": [
            "hp",
            "attack",
            "defense",
            "special-attack",
            "special-defense",
            "speed"
        ],
        "numero_dex": 89,
        "altura": 12,
        "peso": 300,
        "moves": [
            "pound",
            "fire-punch",
            "ice-punch",
            "thunder-punch"
        ]
    },
    {
        "nome": "shellder",
        "tipo": [
            "water"
        ],
        "status": [
            "hp",
            "attack",
            "defense",
            "special-attack",
            "special-defense",
            "speed"
        ],
        "numero_dex": 90,
        "altura": 3,
        "peso": 40,
        "moves": [
            "headbutt",
            "tackle",
            "take-down",
            "double-edge"
        ]
    },
    {
        "nome": "cloyster",
        "tipo": [
            "water",
            "ice"
        ],
        "status": [
            "hp",
            "attack",
            "defense",
            "special-attack",
            "special-defense",
            "speed"
        ],
        "numero_dex": 91,
        "altura": 15,
        "peso": 1325,
        "moves": [
            "headbutt",
            "tackle",
            "body-slam",
            "take-down"
        ]
    },
    {
        "nome": "gastly",
        "tipo": [
            "ghost",
            "poison"
        ],
        "status": [
            "hp",
            "attack",
            "defense",
            "special-attack",
            "special-defense",
            "speed"
        ],
        "numero_dex": 92,
        "altura": 13,
        "peso": 1,
        "moves": [
            "fire-punch",
            "ice-punch",
            "thunder-punch",
            "headbutt"
        ]
    },
    {
        "nome": "haunter",
        "tipo": [
            "ghost",
            "poison"
        ],
        "status": [
            "hp",
            "attack",
            "defense",
            "special-attack",
            "special-defense",
            "speed"
        ],
        "numero_dex": 93,
        "altura": 16,
        "peso": 1,
        "moves": [
            "fire-punch",
            "ice-punch",
            "thunder-punch",
            "headbutt"
        ]
    },
    {
        "nome": "gengar",
        "tipo": [
            "ghost",
            "poison"
        ],
        "status": [
            "hp",
            "attack",
            "defense",
            "special-attack",
            "special-defense",
            "speed"
        ],
        "numero_dex": 94,
        "altura": 15,
        "peso": 405,
        "moves": [
            "mega-punch",
            "fire-punch",
            "ice-punch",
            "thunder-punch"
        ]
    },
    {
        "nome": "onix",
        "tipo": [
            "rock",
            "ground"
        ],
        "status": [
            "hp",
            "attack",
            "defense",
            "special-attack",
            "special-defense",
            "speed"
        ],
        "numero_dex": 95,
        "altura": 88,
        "peso": 2100,
        "moves": [
            "bind",
            "slam",
            "headbutt",
            "tackle"
        ]
    },
    {
        "nome": "drowzee",
        "tipo": [
            "psychic"
        ],
        "status": [
            "hp",
            "attack",
            "defense",
            "special-attack",
            "special-defense",
            "speed"
        ],
        "numero_dex": 96,
        "altura": 10,
        "peso": 324,
        "moves": [
            "pound",
            "mega-punch",
            "fire-punch",
            "ice-punch"
        ]
    },
    {
        "nome": "hypno",
        "tipo": [
            "psychic"
        ],
        "status": [
            "hp",
            "attack",
            "defense",
            "special-attack",
            "special-defense",
            "speed"
        ],
        "numero_dex": 97,
        "altura": 16,
        "peso": 756,
        "moves": [
            "pound",
            "mega-punch",
            "fire-punch",
            "ice-punch"
        ]
    },
    {
        "nome": "krabby",
        "tipo": [
            "water"
        ],
        "status": [
            "hp",
            "attack",
            "defense",
            "special-attack",
            "special-defense",
            "speed"
        ],
        "numero_dex": 98,
        "altura": 4,
        "peso": 65,
        "moves": [
            "vice-grip",
            "guillotine",
            "swords-dance",
            "cut"
        ]
    },
    {
        "nome": "kingler",
        "tipo": [
            "water"
        ],
        "status": [
            "hp",
            "attack",
            "defense",
            "special-attack",
            "special-defense",
            "speed"
        ],
        "numero_dex": 99,
        "altura": 13,
        "peso": 600,
        "moves": [
            "vice-grip",
            "guillotine",
            "swords-dance",
            "cut"
        ]
    },
    {
        "nome": "voltorb",
        "tipo": [
            "electric"
        ],
        "status": [
            "hp",
            "attack",
            "defense",
            "special-attack",
            "special-defense",
            "speed"
        ],
        "numero_dex": 100,
        "altura": 5,
        "peso": 104,
        "moves": [
            "headbutt",
            "tackle",
            "take-down",
            "sonic-boom"
        ]
    },
    {
        "nome": "electrode",
        "tipo": [
            "electric"
        ],
        "status": [
            "hp",
            "attack",
            "defense",
            "special-attack",
            "special-defense",
            "speed"
        ],
        "numero_dex": 101,
        "altura": 12,
        "peso": 666,
        "moves": [
            "headbutt",
            "tackle",
            "take-down",
            "sonic-boom"
        ]
    },
    {
        "nome": "exeggcute",
        "tipo": [
            "grass",
            "psychic"
        ],
        "status": [
            "hp",
            "attack",
            "defense",
            "special-attack",
            "special-defense",
            "speed"
        ],
        "numero_dex": 102,
        "altura": 4,
        "peso": 25,
        "moves": [
            "swords-dance",
            "headbutt",
            "take-down",
            "double-edge"
        ]
    },
    {
        "nome": "exeggutor",
        "tipo": [
            "grass",
            "psychic"
        ],
        "status": [
            "hp",
            "attack",
            "defense",
            "special-attack",
            "special-defense",
            "speed"
        ],
        "numero_dex": 103,
        "altura": 20,
        "peso": 1200,
        "moves": [
            "swords-dance",
            "stomp",
            "headbutt",
            "take-down"
        ]
    },
    {
        "nome": "cubone",
        "tipo": [
            "ground"
        ],
        "status": [
            "hp",
            "attack",
            "defense",
            "special-attack",
            "special-defense",
            "speed"
        ],
        "numero_dex": 104,
        "altura": 4,
        "peso": 65,
        "moves": [
            "mega-punch",
            "fire-punch",
            "thunder-punch",
            "swords-dance"
        ]
    },
    {
        "nome": "marowak",
        "tipo": [
            "ground"
        ],
        "status": [
            "hp",
            "attack",
            "defense",
            "special-attack",
            "special-defense",
            "speed"
        ],
        "numero_dex": 105,
        "altura": 10,
        "peso": 450,
        "moves": [
            "mega-punch",
            "fire-punch",
            "thunder-punch",
            "swords-dance"
        ]
    },
    {
        "nome": "hitmonlee",
        "tipo": [
            "fighting"
        ],
        "status": [
            "hp",
            "attack",
            "defense",
            "special-attack",
            "special-defense",
            "speed"
        ],
        "numero_dex": 106,
        "altura": 15,
        "peso": 498,
        "moves": [
            "mega-punch",
            "double-kick",
            "mega-kick",
            "jump-kick"
        ]
    },
    {
        "nome": "hitmonchan",
        "tipo": [
            "fighting"
        ],
        "status": [
            "hp",
            "attack",
            "defense",
            "special-attack",
            "special-defense",
            "speed"
        ],
        "numero_dex": 107,
        "altura": 14,
        "peso": 502,
        "moves": [
            "comet-punch",
            "mega-punch",
            "fire-punch",
            "ice-punch"
        ]
    },
    {
        "nome": "lickitung",
        "tipo": [
            "normal"
        ],
        "status": [
            "hp",
            "attack",
            "defense",
            "special-attack",
            "special-defense",
            "speed"
        ],
        "numero_dex": 108,
        "altura": 12,
        "peso": 655,
        "moves": [
            "mega-punch",
            "fire-punch",
            "ice-punch",
            "thunder-punch"
        ]
    },
    {
        "nome": "koffing",
        "tipo": [
            "poison"
        ],
        "status": [
            "hp",
            "attack",
            "defense",
            "special-attack",
            "special-defense",
            "speed"
        ],
        "numero_dex": 109,
        "altura": 6,
        "peso": 10,
        "moves": [
            "headbutt",
            "tackle",
            "flamethrower",
            "psybeam"
        ]
    },
    {
        "nome": "weezing",
        "tipo": [
            "poison"
        ],
        "status": [
            "hp",
            "attack",
            "defense",
            "special-attack",
            "special-defense",
            "speed"
        ],
        "numero_dex": 110,
        "altura": 12,
        "peso": 95,
        "moves": [
            "headbutt",
            "tackle",
            "flamethrower",
            "psybeam"
        ]
    },
    {
        "nome": "rhyhorn",
        "tipo": [
            "ground",
            "rock"
        ],
        "status": [
            "hp",
            "attack",
            "defense",
            "special-attack",
            "special-defense",
            "speed"
        ],
        "numero_dex": 111,
        "altura": 10,
        "peso": 1150,
        "moves": [
            "swords-dance",
            "stomp",
            "sand-attack",
            "headbutt"
        ]
    },
    {
        "nome": "rhydon",
        "tipo": [
            "ground",
            "rock"
        ],
        "status": [
            "hp",
            "attack",
            "defense",
            "special-attack",
            "special-defense",
            "speed"
        ],
        "numero_dex": 112,
        "altura": 19,
        "peso": 1200,
        "moves": [
            "mega-punch",
            "pay-day",
            "fire-punch",
            "ice-punch"
        ]
    },
    {
        "nome": "chansey",
        "tipo": [
            "normal"
        ],
        "status": [
            "hp",
            "attack",
            "defense",
            "special-attack",
            "special-defense",
            "speed"
        ],
        "numero_dex": 113,
        "altura": 11,
        "peso": 346,
        "moves": [
            "pound",
            "double-slap",
            "mega-punch",
            "fire-punch"
        ]
    },
    {
        "nome": "tangela",
        "tipo": [
            "grass"
        ],
        "status": [
            "hp",
            "attack",
            "defense",
            "special-attack",
            "special-defense",
            "speed"
        ],
        "numero_dex": 114,
        "altura": 10,
        "peso": 350,
        "moves": [
            "swords-dance",
            "cut",
            "bind",
            "slam"
        ]
    },
    {
        "nome": "kangaskhan",
        "tipo": [
            "normal"
        ],
        "status": [
            "hp",
            "attack",
            "defense",
            "special-attack",
            "special-defense",
            "speed"
        ],
        "numero_dex": 115,
        "altura": 22,
        "peso": 800,
        "moves": [
            "pound",
            "comet-punch",
            "mega-punch",
            "fire-punch"
        ]
    },
    {
        "nome": "horsea",
        "tipo": [
            "water"
        ],
        "status": [
            "hp",
            "attack",
            "defense",
            "special-attack",
            "special-defense",
            "speed"
        ],
        "numero_dex": 116,
        "altura": 4,
        "peso": 80,
        "moves": [
            "razor-wind",
            "headbutt",
            "take-down",
            "double-edge"
        ]
    },
    {
        "nome": "seadra",
        "tipo": [
            "water"
        ],
        "status": [
            "hp",
            "attack",
            "defense",
            "special-attack",
            "special-defense",
            "speed"
        ],
        "numero_dex": 117,
        "altura": 12,
        "peso": 250,
        "moves": [
            "headbutt",
            "take-down",
            "double-edge",
            "leer"
        ]
    },
    {
        "nome": "goldeen",
        "tipo": [
            "water"
        ],
        "status": [
            "hp",
            "attack",
            "defense",
            "special-attack",
            "special-defense",
            "speed"
        ],
        "numero_dex": 118,
        "altura": 6,
        "peso": 150,
        "moves": [
            "swords-dance",
            "headbutt",
            "horn-attack",
            "fury-attack"
        ]
    },
    {
        "nome": "seaking",
        "tipo": [
            "water"
        ],
        "status": [
            "hp",
            "attack",
            "defense",
            "special-attack",
            "special-defense",
            "speed"
        ],
        "numero_dex": 119,
        "altura": 13,
        "peso": 390,
        "moves": [
            "swords-dance",
            "headbutt",
            "horn-attack",
            "fury-attack"
        ]
    },
    {
        "nome": "staryu",
        "tipo": [
            "water"
        ],
        "status": [
            "hp",
            "attack",
            "defense",
            "special-attack",
            "special-defense",
            "speed"
        ],
        "numero_dex": 120,
        "altura": 8,
        "peso": 345,
        "moves": [
            "headbutt",
            "tackle",
            "take-down",
            "double-edge"
        ]
    },
    {
        "nome": "starmie",
        "tipo": [
            "water",
            "psychic"
        ],
        "status": [
            "hp",
            "attack",
            "defense",
            "special-attack",
            "special-defense",
            "speed"
        ],
        "numero_dex": 121,
        "altura": 11,
        "peso": 800,
        "moves": [
            "headbutt",
            "tackle",
            "take-down",
            "double-edge"
        ]
    },
    {
        "nome": "mr-mime",
        "tipo": [
            "psychic",
            "fairy"
        ],
        "status": [
            "hp",
            "attack",
            "defense",
            "special-attack",
            "special-defense",
            "speed"
        ],
        "numero_dex": 122,
        "altura": 13,
        "peso": 545,
        "moves": [
            "pound",
            "double-slap",
            "mega-punch",
            "fire-punch"
        ]
    },
    {
        "nome": "scyther",
        "tipo": [
            "bug",
            "flying"
        ],
        "status": [
            "hp",
            "attack",
            "defense",
            "special-attack",
            "special-defense",
            "speed"
        ],
        "numero_dex": 123,
        "altura": 15,
        "peso": 560,
        "moves": [
            "razor-wind",
            "swords-dance",
            "cut",
            "wing-attack"
        ]
    },
    {
        "nome": "jynx",
        "tipo": [
            "ice",
            "psychic"
        ],
        "status": [
            "hp",
            "attack",
            "defense",
            "special-attack",
            "special-defense",
            "speed"
        ],
        "numero_dex": 124,
        "altura": 14,
        "peso": 406,
        "moves": [
            "pound",
            "double-slap",
            "mega-punch",
            "ice-punch"
        ]
    },
    {
        "nome": "electabuzz",
        "tipo": [
            "electric"
        ],
        "status": [
            "hp",
            "attack",
            "defense",
            "special-attack",
            "special-defense",
            "speed"
        ],
        "numero_dex": 125,
        "altura": 11,
        "peso": 300,
        "moves": [
            "mega-punch",
            "fire-punch",
            "ice-punch",
            "thunder-punch"
        ]
    },
    {
        "nome": "magmar",
        "tipo": [
            "fire"
        ],
        "status": [
            "hp",
            "attack",
            "defense",
            "special-attack",
            "special-defense",
            "speed"
        ],
        "numero_dex": 126,
        "altura": 13,
        "peso": 445,
        "moves": [
            "mega-punch",
            "fire-punch",
            "thunder-punch",
            "mega-kick"
        ]
    },
    {
        "nome": "pinsir",
        "tipo": [
            "bug"
        ],
        "status": [
            "hp",
            "attack",
            "defense",
            "special-attack",
            "special-defense",
            "speed"
        ],
        "numero_dex": 127,
        "altura": 15,
        "peso": 550,
        "moves": [
            "vice-grip",
            "guillotine",
            "swords-dance",
            "cut"
        ]
    },
    {
        "nome": "tauros",
        "tipo": [
            "normal"
        ],
        "status": [
            "hp",
            "attack",
            "defense",
            "special-attack",
            "special-defense",
            "speed"
        ],
        "numero_dex": 128,
        "altura": 14,
        "peso": 884,
        "moves": [
            "stomp",
            "headbutt",
            "horn-attack",
            "horn-drill"
        ]
    },
    {
        "nome": "magikarp",
        "tipo": [
            "water"
        ],
        "status": [
            "hp",
            "attack",
            "defense",
            "special-attack",
            "special-defense",
            "speed"
        ],
        "numero_dex": 129,
        "altura": 9,
        "peso": 100,
        "moves": [
            "tackle",
            "hydro-pump",
            "splash",
            "flail"
        ]
    },
    {
        "nome": "gyarados",
        "tipo": [
            "water",
            "flying"
        ],
        "status": [
            "hp",
            "attack",
            "defense",
            "special-attack",
            "special-defense",
            "speed"
        ],
        "numero_dex": 130,
        "altura": 65,
        "peso": 2350,
        "moves": [
            "bind",
            "headbutt",
            "tackle",
            "body-slam"
        ]
    },
    {
        "nome": "lapras",
        "tipo": [
            "water",
            "ice"
        ],
        "status": [
            "hp",
            "attack",
            "defense",
            "special-attack",
            "special-defense",
            "speed"
        ],
        "numero_dex": 131,
        "altura": 25,
        "peso": 2200,
        "moves": [
            "headbutt",
            "horn-drill",
            "body-slam",
            "take-down"
        ]
    },
    {
        "nome": "ditto",
        "tipo": [
            "normal"
        ],
        "status": [
            "hp",
            "attack",
            "defense",
            "special-attack",
            "special-defense",
            "speed"
        ],
        "numero_dex": 132,
        "altura": 3,
        "peso": 40,
        "moves": [
            "transform"
        ]
    },
    {
        "nome": "eevee",
        "tipo": [
            "normal"
        ],
        "status": [
            "hp",
            "attack",
            "defense",
            "special-attack",
            "special-defense",
            "speed"
        ],
        "numero_dex": 133,
        "altura": 3,
        "peso": 65,
        "moves": [
            "pay-day",
            "double-kick",
            "sand-attack",
            "headbutt"
        ]
    },
    {
        "nome": "vaporeon",
        "tipo": [
            "water"
        ],
        "status": [
            "hp",
            "attack",
            "defense",
            "special-attack",
            "special-defense",
            "speed"
        ],
        "numero_dex": 134,
        "altura": 10,
        "peso": 290,
        "moves": [
            "pay-day",
            "double-kick",
            "sand-attack",
            "headbutt"
        ]
    },
    {
        "nome": "jolteon",
        "tipo": [
            "electric"
        ],
        "status": [
            "hp",
            "attack",
            "defense",
            "special-attack",
            "special-defense",
            "speed"
        ],
        "numero_dex": 135,
        "altura": 8,
        "peso": 245,
        "moves": [
            "pay-day",
            "double-kick",
            "sand-attack",
            "headbutt"
        ]
    },
    {
        "nome": "flareon",
        "tipo": [
            "fire"
        ],
        "status": [
            "hp",
            "attack",
            "defense",
            "special-attack",
            "special-defense",
            "speed"
        ],
        "numero_dex": 136,
        "altura": 9,
        "peso": 250,
        "moves": [
            "pay-day",
            "double-kick",
            "sand-attack",
            "headbutt"
        ]
    },
    {
        "nome": "porygon",
        "tipo": [
            "normal"
        ],
        "status": [
            "hp",
            "attack",
            "defense",
            "special-attack",
            "special-defense",
            "speed"
        ],
        "numero_dex": 137,
        "altura": 8,
        "peso": 365,
        "moves": [
            "headbutt",
            "tackle",
            "take-down",
            "double-edge"
        ]
    },
    {
        "nome": "omanyte",
        "tipo": [
            "rock",
            "water"
        ],
        "status": [
            "hp",
            "attack",
            "defense",
            "special-attack",
            "special-defense",
            "speed"
        ],
        "numero_dex": 138,
        "altura": 4,
        "peso": 75,
        "moves": [
            "bind",
            "slam",
            "sand-attack",
            "headbutt"
        ]
    },
    {
        "nome": "omastar",
        "tipo": [
            "rock",
            "water"
        ],
        "status": [
            "hp",
            "attack",
            "defense",
            "special-attack",
            "special-defense",
            "speed"
        ],
        "numero_dex": 139,
        "altura": 10,
        "peso": 350,
        "moves": [
            "bind",
            "sand-attack",
            "headbutt",
            "horn-attack"
        ]
    },
    {
        "nome": "kabuto",
        "tipo": [
            "rock",
            "water"
        ],
        "status": [
            "hp",
            "attack",
            "defense",
            "special-attack",
            "special-defense",
            "speed"
        ],
        "numero_dex": 140,
        "altura": 5,
        "peso": 115,
        "moves": [
            "scratch",
            "sand-attack",
            "headbutt",
            "body-slam"
        ]
    },
    {
        "nome": "kabutops",
        "tipo": [
            "rock",
            "water"
        ],
        "status": [
            "hp",
            "attack",
            "defense",
            "special-attack",
            "special-defense",
            "speed"
        ],
        "numero_dex": 141,
        "altura": 13,
        "peso": 405,
        "moves": [
            "scratch",
            "razor-wind",
            "swords-dance",
            "cut"
        ]
    },
    {
        "nome": "aerodactyl",
        "tipo": [
            "rock",
            "flying"
        ],
        "status": [
            "hp",
            "attack",
            "defense",
            "special-attack",
            "special-defense",
            "speed"
        ],
        "numero_dex": 142,
        "altura": 18,
        "peso": 590,
        "moves": [
            "razor-wind",
            "wing-attack",
            "whirlwind",
            "fly"
        ]
    },
    {
        "nome": "snorlax",
        "tipo": [
            "normal"
        ],
        "status": [
            "hp",
            "attack",
            "defense",
            "special-attack",
            "special-defense",
            "speed"
        ],
        "numero_dex": 143,
        "altura": 21,
        "peso": 4600,
        "moves": [
            "mega-punch",
            "pay-day",
            "fire-punch",
            "ice-punch"
        ]
    },
    {
        "nome": "articuno",
        "tipo": [
            "ice",
            "flying"
        ],
        "status": [
            "hp",
            "attack",
            "defense",
            "special-attack",
            "special-defense",
            "speed"
        ],
        "numero_dex": 144,
        "altura": 17,
        "peso": 554,
        "moves": [
            "razor-wind",
            "gust",
            "whirlwind",
            "fly"
        ]
    },
    {
        "nome": "zapdos",
        "tipo": [
            "electric",
            "flying"
        ],
        "status": [
            "hp",
            "attack",
            "defense",
            "special-attack",
            "special-defense",
            "speed"
        ],
        "numero_dex": 145,
        "altura": 16,
        "peso": 526,
        "moves": [
            "razor-wind",
            "whirlwind",
            "fly",
            "headbutt"
        ]
    },
    {
        "nome": "moltres",
        "tipo": [
            "fire",
            "flying"
        ],
        "status": [
            "hp",
            "attack",
            "defense",
            "special-attack",
            "special-defense",
            "speed"
        ],
        "numero_dex": 146,
        "altura": 20,
        "peso": 600,
        "moves": [
            "razor-wind",
            "gust",
            "wing-attack",
            "whirlwind"
        ]
    },
    {
        "nome": "dratini",
        "tipo": [
            "dragon"
        ],
        "status": [
            "hp",
            "attack",
            "defense",
            "special-attack",
            "special-defense",
            "speed"
        ],
        "numero_dex": 147,
        "altura": 18,
        "peso": 33,
        "moves": [
            "bind",
            "slam",
            "headbutt",
            "body-slam"
        ]
    },
    {
        "nome": "dragonair",
        "tipo": [
            "dragon"
        ],
        "status": [
            "hp",
            "attack",
            "defense",
            "special-attack",
            "special-defense",
            "speed"
        ],
        "numero_dex": 148,
        "altura": 40,
        "peso": 165,
        "moves": [
            "bind",
            "slam",
            "headbutt",
            "horn-drill"
        ]
    },
    {
        "nome": "dragonite",
        "tipo": [
            "dragon",
            "flying"
        ],
        "status": [
            "hp",
            "attack",
            "defense",
            "special-attack",
            "special-defense",
            "speed"
        ],
        "numero_dex": 149,
        "altura": 22,
        "peso": 2100,
        "moves": [
            "mega-punch",
            "fire-punch",
            "ice-punch",
            "thunder-punch"
        ]
    },
    {
        "nome": "mewtwo",
        "tipo": [
            "psychic"
        ],
        "status": [
            "hp",
            "attack",
            "defense",
            "special-attack",
            "special-defense",
            "speed"
        ],
        "numero_dex": 150,
        "altura": 20,
        "peso": 1220,
        "moves": [
            "mega-punch",
            "pay-day",
            "fire-punch",
            "ice-punch"
        ]
    },
    {
        "nome": "mew",
        "tipo": [
            "psychic"
        ],
        "status": [
            "hp",
            "attack",
            "defense",
            "special-attack",
            "special-defense",
            "speed"
        ],
        "numero_dex": 151,
        "altura": 4,
        "peso": 40,
        "moves": [
            "pound",
            "mega-punch",
            "pay-day",
            "fire-punch"
        ]
    }
]